{"n_feature_steps":{"0":1,"1":5,"2":10,"3":20,"4":30,"5":40,"6":50,"7":60,"8":70,"9":80,"10":90,"11":100,"12":110,"13":120,"14":130,"15":140,"16":150,"17":160,"18":170,"19":180,"20":190,"21":200,"22":210,"23":225},"scores":{"0":[0.6700819503,0.6698759212,0.6727046226,0.6689517792,0.6794263161],"1":[0.7675574239,0.7677684179,0.7721732912,0.7706190188,0.7709164315],"2":[0.7957126447,0.7928265133,0.7959709829,0.7929466278,0.7902124981],"3":[0.8018605432,0.8071892212,0.8056449503,0.8067086836,0.8083010518],"4":[0.8106774645,0.8081831705,0.8128647829,0.812179963,0.8131316733],"5":[0.8189228676,0.8171169944,0.8135118963,0.8147549381,0.8186728927],"6":[0.821948178,0.822740851,0.8209117074,0.8252462579,0.8179450828],"7":[0.8264423404,0.8237363138,0.8236377215,0.8253955238,0.8276882586],"8":[0.8266173874,0.8277514339,0.8296690561,0.8286661087,0.8279686384],"9":[0.8297476995,0.8299866423,0.8269381564,0.8310185709,0.8249576073],"10":[0.8303559451,0.8274418448,0.8303072732,0.8274106489,0.8311237332],"11":[0.8289043817,0.8291421979,0.8341333029,0.8315013762,0.8331505484],"12":[0.8342820828,0.8358584152,0.8311843763,0.8292313514,0.8347579542],"13":[0.8296737777,0.8356797397,0.8304747591,0.838405994,0.8334671071],"14":[0.830754294,0.8300883801,0.8324556579,0.8341254409,0.8312035566],"15":[0.8366636238,0.8337823583,0.8361046108,0.8355770082,0.8366565393],"16":[0.8320094098,0.8339220485,0.8378944362,0.8343363705,0.8334687498],"17":[0.838177785,0.8293662296,0.8403375399,0.8366374765,0.836581914],"18":[0.8377688999,0.8372195854,0.8374873307,0.8364343809,0.8358403535],"19":[0.8370609487,0.8376477035,0.8342552598,0.834913406,0.8410255785],"20":[0.8400920611,0.8390996836,0.8310285362,0.8372293969,0.8399603459],"21":[0.8378221405,0.8374142969,0.836767552,0.8386056673,0.8367491757],"22":[0.8349886305,0.8389724463,0.839001102,0.8320500207,0.8365679495],"23":[0.8426242343,0.8347072257,0.8368863255,0.8388284192,0.8395742971]},"average_score":{"0":0.6722081179,"1":0.7698069167,"2":0.7935338534,"3":0.80594089,"4":0.8114074108,"5":0.8165959178,"6":0.8217584154,"7":0.8253800316,"8":0.8281345249,"9":0.8285297353,"10":0.829327889,"11":0.8313663614,"12":0.833062836,"13":0.8335402755,"14":0.8317254659,"15":0.8357568281,"16":0.8343262029,"17":0.836220189,"18":0.8369501101,"19":0.8369805793,"20":0.8374820047,"21":0.8374717665,"22":0.8363160298,"23":0.8385241004},"max_score":{"0":0.6794263161,"1":0.7721732912,"2":0.7959709829,"3":0.8083010518,"4":0.8131316733,"5":0.8189228676,"6":0.8252462579,"7":0.8276882586,"8":0.8296690561,"9":0.8310185709,"10":0.8311237332,"11":0.8341333029,"12":0.8358584152,"13":0.838405994,"14":0.8341254409,"15":0.8366636238,"16":0.8378944362,"17":0.8403375399,"18":0.8377688999,"19":0.8410255785,"20":0.8400920611,"21":0.8386056673,"22":0.839001102,"23":0.8426242343}}