{"n_feature_steps":{"0":1,"1":5,"2":10,"3":20,"4":30,"5":40,"6":50,"7":60,"8":70,"9":80,"10":90,"11":100,"12":110,"13":120,"14":130,"15":140,"16":150,"17":160,"18":170,"19":180,"20":190,"21":200,"22":210,"23":225},"scores":{"0":[0.6018218728,0.5798719174,0.6176441106,0.5,0.6268985624,0.5598901774,0.575994983,0.5870403288,0.5820051146,0.6217551491],"1":[0.6547290732,0.6506330044,0.6888991088,0.63381416,0.6459437215,0.6553114873,0.6603394346,0.6442422737,0.6884077326,0.6744501266],"2":[0.6949396157,0.6987443985,0.6885737726,0.7119062046,0.6960408844,0.6995823884,0.7169806756,0.6951163408,0.7089685114,0.699358611],"3":[0.7190658264,0.7604197037,0.7439127071,0.7529453254,0.7599172961,0.7227869863,0.7082928949,0.7185127078,0.759538719,0.7325606431],"4":[0.7525706565,0.753537695,0.7759083081,0.736787029,0.7704145529,0.7555567882,0.756710892,0.7647829551,0.7573586142,0.7683780375],"5":[0.7786838218,0.7755586148,0.7581154626,0.7678246613,0.7396900355,0.7572223987,0.754875051,0.7670202709,0.7635083569,0.7642531402],"6":[0.7563753757,0.7766706259,0.7675819641,0.7681787326,0.7783173922,0.7663410993,0.7775581216,0.7526212455,0.7714879693,0.7544972998],"7":[0.7874320833,0.771152602,0.7752623116,0.7769979802,0.7677245402,0.790625136,0.7717838277,0.7951511344,0.7828343014,0.783776652],"8":[0.7873648684,0.788752052,0.776611325,0.7910868203,0.7896224647,0.786386786,0.7818015824,0.7913224206,0.7835569019,0.7906662565],"9":[0.7996277452,0.8015482865,0.7835078907,0.797183465,0.793988704,0.7861076544,0.7834301362,0.7747601006,0.7912420883,0.7970723085],"10":[0.7894685277,0.7977291348,0.7998791807,0.7928311308,0.80294234,0.7901538379,0.7850502826,0.7980243633,0.8009378751,0.7950890465],"11":[0.7980639736,0.808095648,0.809034188,0.797746615,0.7992253178,0.801715598,0.8052923603,0.8008539941,0.7900279713,0.8007111974],"12":[0.8100450113,0.808413929,0.8019936886,0.8108348513,0.7983700609,0.8067230596,0.7968528035,0.8073184327,0.7990322969,0.809754762],"13":[0.7973414859,0.8096901542,0.8048499368,0.7975082129,0.8015559234,0.8078650121,0.8090445666,0.8045655276,0.8072864121,0.8126906236],"14":[0.8113392861,0.8088266459,0.8128892522,0.8062995069,0.8184282317,0.816205843,0.8108169864,0.8076386795,0.8112827994,0.8009386341],"15":[0.8148480245,0.8144698962,0.8119988716,0.8099795925,0.7972648862,0.809139177,0.8174665694,0.8137488189,0.8105653261,0.8139665223],"16":[0.8127881679,0.8179046682,0.8100779828,0.8152153382,0.8186604486,0.8157973964,0.8120259248,0.8069761982,0.8090903641,0.8079528981],"17":[0.8139172767,0.8170791053,0.8172688915,0.8114721756,0.8083037511,0.8092228381,0.8181864212,0.8190318975,0.8148335214,0.8115155536],"18":[0.8219337696,0.8180062269,0.819168684,0.8186521182,0.8163361372,0.8210573954,0.8140139793,0.8149454249,0.8198344158,0.8153852006],"19":[0.8193082219,0.8184494098,0.8185368033,0.8113889941,0.8223945047,0.8159290543,0.8203407373,0.8175469924,0.8167598466,0.819206117],"20":[0.820577016,0.8212685141,0.821662353,0.8188062692,0.8218221956,0.821703986,0.8225324092,0.8164455641,0.8236591342,0.8202500155],"21":[0.8216098127,0.8152670996,0.8206430372,0.8229593446,0.8185858923,0.822902455,0.8162736959,0.8190121159,0.8238991551,0.8214973334],"22":[0.8232775159,0.8245248464,0.8203313408,0.8230823515,0.81897046,0.8257324777,0.821237656,0.8217378534,0.8190622802,0.8235407951],"23":[0.8237383046,0.8232158609,0.8222247051,0.8232393788,0.8205667631,0.8236344151,0.8214231063,0.8224513335,0.8253988252,0.8217376026]},"average_score":{"0":0.5852922216,"1":0.6596770123,"2":0.7010211403,"3":0.737795281,"4":0.7592005528,"5":0.7626751813,"6":0.7669629826,"7":0.7802740569,"8":0.7867171478,"9":0.7908468379,"10":0.7952105719,"11":0.8010766863,"12":0.8049338896,"13":0.8052397855,"14":0.8104665865,"15":0.8113447685,"16":0.8126489387,"17":0.8140831432,"18":0.8179333352,"19":0.8179860682,"20":0.8208727457,"21":0.8202649942,"22":0.8221497577,"23":0.8227630295},"max_score":{"0":0.6268985624,"1":0.6888991088,"2":0.7169806756,"3":0.7604197037,"4":0.7759083081,"5":0.7786838218,"6":0.7783173922,"7":0.7951511344,"8":0.7913224206,"9":0.8015482865,"10":0.80294234,"11":0.809034188,"12":0.8108348513,"13":0.8126906236,"14":0.8184282317,"15":0.8174665694,"16":0.8186604486,"17":0.8190318975,"18":0.8219337696,"19":0.8223945047,"20":0.8236591342,"21":0.8238991551,"22":0.8257324777,"23":0.8253988252}}