{"n_feature_steps":{"0":1,"1":5,"2":10,"3":20,"4":30,"5":40,"6":50,"7":60,"8":70,"9":80,"10":90,"11":100,"12":110,"13":120,"14":130,"15":140,"16":150,"17":160,"18":170,"19":180,"20":190,"21":200,"22":210,"23":225},"scores":{"0":[0.5,0.5140209421,0.6467447245,0.5590884478,0.4999733245,0.5560624952,0.584636965,0.5392567044,0.5801602812,0.5357173026],"1":[0.7261243211,0.7206472582,0.693845434,0.7113485837,0.723344722,0.6776075469,0.6639366488,0.7046590778,0.6839958243,0.7103798431],"2":[0.7223362783,0.764854997,0.7656551709,0.7614645583,0.7467100835,0.7561903439,0.7213697004,0.7491223954,0.7518726791,0.7597605358],"3":[0.7803176468,0.7705109066,0.7737921054,0.7837297337,0.7747457119,0.7573788635,0.7794879897,0.7668954117,0.7845746574,0.749037088],"4":[0.7772814836,0.7711634396,0.7889382306,0.7854563878,0.788450739,0.7711498826,0.7852982488,0.7723811222,0.7718238908,0.7778164238],"5":[0.7976420866,0.790976884,0.7785099306,0.795669949,0.7852985072,0.8001019596,0.7950148533,0.7851269974,0.8057023497,0.7982008903],"6":[0.7881750623,0.8119457029,0.8030383771,0.797968834,0.813327096,0.7924034171,0.8065517244,0.8038903918,0.8095127902,0.803746805],"7":[0.8106904581,0.7965298686,0.811081335,0.7996183033,0.8057680396,0.8072796193,0.8004857966,0.8036878418,0.8074510552,0.7981373309],"8":[0.8038533783,0.8094674432,0.8142061543,0.8051788453,0.8190928101,0.8074301187,0.8154580631,0.816145722,0.8039408869,0.8039765395],"9":[0.8157086981,0.814292521,0.8198648555,0.8137787872,0.8231159413,0.8204432529,0.8174701606,0.8198867092,0.8055777847,0.8097104925],"10":[0.8220236611,0.8205751655,0.8178755202,0.8124670242,0.826923131,0.8165005741,0.8149975169,0.8201006913,0.8266568087,0.8232644785],"11":[0.8167599433,0.8215418096,0.8236462884,0.8075491791,0.8230454363,0.8254664313,0.8192076624,0.825870378,0.821111618,0.8241333805],"12":[0.825796821,0.8291423662,0.8325032907,0.830122094,0.8259170943,0.8275998961,0.8200872281,0.8209102988,0.8204342418,0.8223374162],"13":[0.8223010861,0.8257476986,0.8246385104,0.8236504503,0.8244478504,0.8257600953,0.8262506949,0.826170886,0.8275442804,0.8266608154],"14":[0.8287243052,0.8304346027,0.8326075752,0.8243715713,0.8270536505,0.8269731886,0.8235757565,0.8305030281,0.8326484532,0.8299820846],"15":[0.8330930947,0.823450916,0.8273993784,0.8307321778,0.8303134881,0.830849756,0.8268886976,0.8235273369,0.8276911722,0.8338401945],"16":[0.8362970569,0.8362944323,0.8307357208,0.8355062006,0.8254334617,0.8344834918,0.8273131544,0.8281035238,0.8403200603,0.8292314039],"17":[0.8353341392,0.8321757115,0.8350880589,0.8335122257,0.8319877965,0.8303578522,0.8356125142,0.8331726336,0.8311575722,0.8358463194],"18":[0.8339086361,0.8307854611,0.8340821167,0.8340405784,0.8369238654,0.836683788,0.8348810644,0.8372374452,0.8342619227,0.8317616868],"19":[0.8356605118,0.8281238743,0.8358616779,0.8361842211,0.8378338445,0.8370239422,0.8375052202,0.8386989134,0.8367764784,0.8331793977],"20":[0.8374679207,0.830880507,0.8380048069,0.8413023886,0.8393822835,0.8393386536,0.8375193588,0.8373408394,0.8368017568,0.8344904164],"21":[0.8375359714,0.8371703179,0.834102029,0.8349705282,0.8383572995,0.834791763,0.839880454,0.8342193653,0.8374414162,0.8423779964],"22":[0.8386763281,0.8388792062,0.8390413503,0.836362253,0.8373819492,0.8354917199,0.8408209086,0.8388880033,0.8392007193,0.8381968416],"23":[0.8365433005,0.8398644523,0.8338170509,0.8438655653,0.8364476544,0.8389264517,0.8399516667,0.8416661767,0.840901401,0.8384860752]},"average_score":{"0":0.5515661187,"1":0.701588926,"2":0.7499336743,"3":0.7720470115,"4":0.7789759849,"5":0.7932244408,"6":0.8030560201,"7":0.8040729648,"8":0.8098749961,"9":0.8159849203,"10":0.8201384572,"11":0.8208332127,"12":0.8254850747,"13":0.8253172368,"14":0.8286874216,"15":0.8287786212,"16":0.8323718507,"17":0.8334244823,"18":0.8344566565,"19":0.8356848082,"20":0.8372528932,"21":0.8370847141,"22":0.8382939279,"23":0.8390469795},"max_score":{"0":0.6467447245,"1":0.7261243211,"2":0.7656551709,"3":0.7845746574,"4":0.7889382306,"5":0.8057023497,"6":0.813327096,"7":0.811081335,"8":0.8190928101,"9":0.8231159413,"10":0.826923131,"11":0.825870378,"12":0.8325032907,"13":0.8275442804,"14":0.8326484532,"15":0.8338401945,"16":0.8403200603,"17":0.8358463194,"18":0.8372374452,"19":0.8386989134,"20":0.8413023886,"21":0.8423779964,"22":0.8408209086,"23":0.8438655653}}