{"n_feature_steps":{"0":1,"1":5,"2":10,"3":20,"4":30,"5":40,"6":50,"7":60,"8":70,"9":80,"10":90,"11":100,"12":110,"13":120,"14":130,"15":140,"16":150,"17":160,"18":170,"19":180,"20":190,"21":200,"22":210,"23":225},"scores":{"0":[0.6084405576,0.6056324026,0.5000128905,0.5770552366,0.6022033793,0.6373240049,0.6105788238,0.5967815222,0.5174030233,0.6642553869],"1":[0.6619717626,0.6844939344,0.7231326961,0.6911872695,0.6997399927,0.6958909101,0.6775133227,0.7269996273,0.7338606787,0.6965288219],"2":[0.7534223578,0.7484011581,0.7294998733,0.7529066087,0.7585532981,0.7634305153,0.7242149601,0.7493821075,0.7354148212,0.7374147978],"3":[0.7824615319,0.776072614,0.7637064272,0.7804352317,0.7668125896,0.7703955582,0.7750363058,0.7729628532,0.7723033942,0.7725526696],"4":[0.7801046003,0.7864919305,0.7806513705,0.784131196,0.7865822174,0.7859372079,0.7854599301,0.7997448644,0.7921511849,0.7869177382],"5":[0.7986459843,0.804202575,0.7876447848,0.7923192107,0.8015814772,0.7870548064,0.8002105823,0.7931608316,0.7908309993,0.7859506709],"6":[0.796208715,0.8094940192,0.8024448394,0.8036901104,0.8094727759,0.8031275373,0.7990885229,0.8036260111,0.8070290366,0.8016047731],"7":[0.8044316888,0.8121174562,0.7985967134,0.80674813,0.8054733792,0.8061417891,0.7979100147,0.802892656,0.8096022318,0.8126042965],"8":[0.8063690568,0.8028154649,0.8033793872,0.8106920301,0.8054720532,0.8099752744,0.8096712676,0.8068204574,0.812996689,0.8227929319],"9":[0.8111859628,0.8132920343,0.8170133317,0.8173452356,0.807351343,0.8110568193,0.82146563,0.8217077652,0.8143240933,0.821241388],"10":[0.8137210068,0.8274331239,0.8169913127,0.8200823414,0.8111030625,0.816557511,0.8189589307,0.8199621586,0.8174103448,0.8140181889],"11":[0.8280731992,0.82635804,0.8215902136,0.8253713512,0.82529285,0.8087750216,0.8233077446,0.8256107827,0.814396882,0.8219979425],"12":[0.8275164509,0.8253008298,0.8273614772,0.8181958952,0.8189384543,0.8188190477,0.8212078239,0.8223759843,0.8180054878,0.8249630582],"13":[0.8216410359,0.8237435157,0.8218090371,0.8217348105,0.8279674305,0.8266988004,0.8267703355,0.8225224252,0.8256340942,0.8330686617],"14":[0.830272804,0.8261832282,0.8292534232,0.8290347501,0.8304339662,0.828460274,0.820499849,0.8261011354,0.8302249785,0.8322245941],"15":[0.8288848194,0.8282500665,0.8242553933,0.8235860842,0.8286937737,0.8287763111,0.8242534675,0.8335430619,0.8248470043,0.8284668956],"16":[0.8333378737,0.8346067983,0.8352212855,0.8346743611,0.834377982,0.833053706,0.822991957,0.8323517945,0.8302676781,0.8312161993],"17":[0.8348378551,0.8311175568,0.8365361553,0.8319467458,0.8344828061,0.8345802981,0.8331649741,0.8247577271,0.8325401873,0.8329447415],"18":[0.836905383,0.8369397278,0.8336137033,0.8317260664,0.8327839839,0.8325457386,0.8353072987,0.8346545329,0.8339157943,0.8305118206],"19":[0.8337425802,0.8353078559,0.8316283246,0.8319714769,0.8296500783,0.8367416314,0.8384390552,0.8369454127,0.8346193298,0.8256536821],"20":[0.8335411689,0.8324324395,0.835870366,0.8405374447,0.833408973,0.8324201198,0.834830994,0.8381971345,0.8342117969,0.8357562374],"21":[0.8377071072,0.8396084117,0.8333830952,0.831203919,0.8363450628,0.8375743725,0.8377733765,0.8379123605,0.8357581771,0.8372784338],"22":[0.8340351751,0.8380836942,0.8398842793,0.8372240821,0.8350584122,0.8345556584,0.8395578962,0.8351839261,0.838047666,0.8351274085],"23":[0.8369759484,0.8353465953,0.8417915457,0.8382373221,0.8403889144,0.8392362568,0.8380250567,0.8398897849,0.8349332345,0.8418136243]},"average_score":{"0":0.5919687228,"1":0.6991319016,"2":0.7452640498,"3":0.7732739175,"4":0.786817224,"5":0.7941601922,"6":0.8035786341,"7":0.8056518356,"8":0.8090984613,"9":0.8155983603,"10":0.8176237981,"11":0.8220774027,"12":0.8222684509,"13":0.8251590147,"14":0.8282689003,"15":0.8273556878,"16":0.8322099635,"17":0.8326909047,"18":0.833890405,"19":0.8334699427,"20":0.8351206675,"21":0.8364544316,"22":0.8366758198,"23":0.8386638283},"max_score":{"0":0.6642553869,"1":0.7338606787,"2":0.7634305153,"3":0.7824615319,"4":0.7997448644,"5":0.804202575,"6":0.8094940192,"7":0.8126042965,"8":0.8227929319,"9":0.8217077652,"10":0.8274331239,"11":0.8280731992,"12":0.8275164509,"13":0.8330686617,"14":0.8322245941,"15":0.8335430619,"16":0.8352212855,"17":0.8365361553,"18":0.8369397278,"19":0.8384390552,"20":0.8405374447,"21":0.8396084117,"22":0.8398842793,"23":0.8418136243}}