{"n_feature_steps":{"0":1,"1":5,"2":10,"3":20,"4":30,"5":40,"6":50,"7":60,"8":70,"9":80,"10":90,"11":100,"12":110,"13":120,"14":130,"15":140,"16":150,"17":160,"18":170,"19":180,"20":190,"21":200,"22":210,"23":225},"scores":{"0":[0.5921206139,0.5869441238,0.5996605259,0.5912018147,0.5928888834],"1":[0.6373933375,0.6487415808,0.6435263464,0.6293154828,0.6460851918],"2":[0.7091943951,0.7212344806,0.7145910517,0.7225338525,0.7227221908],"3":[0.7600933195,0.7618166184,0.7637021031,0.758384992,0.758966502],"4":[0.7721808833,0.7719928127,0.7644515171,0.7699823577,0.7720873097],"5":[0.7898151507,0.7854932369,0.7891727727,0.7858599978,0.789003141],"6":[0.791946916,0.7919870131,0.7909864533,0.7931535232,0.7872524924],"7":[0.8018302795,0.7981807716,0.7943424756,0.8029102411,0.7988337597],"8":[0.8089810346,0.8132971238,0.8115244862,0.8122414304,0.8131238371],"9":[0.8201387393,0.8153809485,0.8173287728,0.8192158717,0.8191479902],"10":[0.8189524209,0.821647796,0.817515731,0.8217940844,0.8200012839],"11":[0.823958755,0.82538644,0.8253593936,0.8279894545,0.8289676357],"12":[0.8260481745,0.82836343,0.8276411812,0.8308861016,0.8275311066],"13":[0.8257320058,0.8291440418,0.8306610021,0.8253875361,0.8320170778],"14":[0.8293479967,0.8323975956,0.8312508529,0.8289407526,0.8285979005],"15":[0.8324502975,0.8310153869,0.8308868669,0.8298006808,0.8303571025],"16":[0.8296183744,0.8346341907,0.8293345423,0.827859007,0.8328099587],"17":[0.826699801,0.834711904,0.8349107479,0.8306333583,0.8292219742],"18":[0.8330304121,0.8284160175,0.8310843786,0.8300661462,0.8305790354],"19":[0.8317861146,0.835840615,0.8351953697,0.8332078637,0.8353539941],"20":[0.8353778416,0.838549891,0.8374734421,0.8343154723,0.8390069624],"21":[0.8390642435,0.8378585621,0.8388483234,0.8372527717,0.8382627837],"22":[0.8394546155,0.8425581509,0.8418333609,0.8419140271,0.8376969422],"23":[0.8373004964,0.8394531113,0.835823487,0.8410293492,0.8357491789]},"average_score":{"0":0.5925631923,"1":0.6410123879,"2":0.7180551942,"3":0.760592707,"4":0.7701389761,"5":0.7878688598,"6":0.7910652796,"7":0.7992195055,"8":0.8118335824,"9":0.8182424645,"10":0.8199822633,"11":0.8263323358,"12":0.8280939988,"13":0.8285883327,"14":0.8301070196,"15":0.8309020669,"16":0.8308512146,"17":0.8312355571,"18":0.830635198,"19":0.8342767914,"20":0.8369447219,"21":0.8382573369,"22":0.8406914193,"23":0.8378711246},"max_score":{"0":0.5996605259,"1":0.6487415808,"2":0.7227221908,"3":0.7637021031,"4":0.7721808833,"5":0.7898151507,"6":0.7931535232,"7":0.8029102411,"8":0.8132971238,"9":0.8201387393,"10":0.8217940844,"11":0.8289676357,"12":0.8308861016,"13":0.8320170778,"14":0.8323975956,"15":0.8324502975,"16":0.8346341907,"17":0.8349107479,"18":0.8330304121,"19":0.835840615,"20":0.8390069624,"21":0.8390642435,"22":0.8425581509,"23":0.8410293492}}